dimension,segment,count,mae
hour,0,11,27.751190453294456
hour,15,23,79.25480406307233
hour,16,256,68.1444790124278
hour,17,231,98.24003525573166
hour,18,162,144.0734106801761
hour,19,107,151.9316786338667
hour,20,182,100.094513128105
hour,21,175,76.98081532214267
hour,22,112,32.879997923149965
hour,23,79,40.36483835397366
target_stop,10000109,1,54.3083573199191
target_stop,10000185,1,82.92472347933382
target_stop,10000192,1,71.5787286378999
target_stop,10000195,1,47.504212480473726
target_stop,10000197,1,4.664301092390723
target_stop,10000202,1,46.67265973488108
target_stop,10000203,1,110.0026150808128
target_stop,10000206,1,102.0446559352005
target_stop,10000207,1,60.63526261967071
target_stop,10000211,1,50.07056330659327
target_stop,10000216,1,13.245334529807195
target_stop,10000217,1,1.3391480753443972
target_stop,10000221,1,50.64850510654608
target_stop,10000225,1,0.2982105634840124
target_stop,10000227,1,30.452634695956647
target_stop,10000232,1,79.87448520696884
target_stop,10000236,1,97.3324965928867
target_stop,10000241,1,5.59217525228145
target_stop,10000245,1,100.05497347421908
target_stop,10000248,1,110.33150137183632
target_stop,10000252,1,153.35534941487538
target_stop,10000266,1,146.98658576662217
target_stop,10000272,1,2.147502156682336
target_stop,10000276,1,38.746715116079415
target_stop,10000288,1,142.4597588926145
target_stop,10000303,1,28.77534121852875
target_stop,10100054,1,77.833582610206
target_stop,10100183,1,98.25955406460248
target_stop,10100185,1,98.81068123241039
target_stop,10100188,1,85.17480735964787
target_stop,10100191,1,12.828361384993222
target_stop,10100194,1,6.115608927840043
target_stop,10100198,1,25.248769694175863
target_stop,10100201,1,16.924641323270524
target_stop,10100203,1,124.92014166117626
target_stop,10100206,1,112.14784949698081
target_stop,10100207,1,58.06105375436779
target_stop,10100210,1,31.5084107817472
target_stop,10100216,1,49.84431312485508
target_stop,10100217,1,38.43149316283304
target_stop,10100221,1,47.01107055263328
target_stop,10100225,1,38.97012471442294
target_stop,10100227,1,20.47834861884229
target_stop,10100229,1,43.44270264197444
target_stop,10100231,1,211.5238075207741
target_stop,10100236,1,99.75568048701706
target_stop,10100240,1,23.787558133714754
target_stop,10100244,1,171.95063929148975
target_stop,10100248,1,61.846389842352096
target_stop,10100252,1,68.2302681066881
target_stop,10100278,1,116.41468820165382
target_stop,10100288,1,165.9980129841419
target_stop,10100292,1,20.403139361785918
target_stop,10200023,1,10.373692361432163
target_stop,10200042,1,88.14580413618393
target_stop,10200118,1,225.68829222229562
target_stop,10200168,1,209.5973289839991
target_stop,10200171,1,282.0271671776052
target_stop,10200172,1,170.37934971868026
target_stop,10200174,1,78.08928167654992
target_stop,10200176,1,261.28327932332866
target_stop,10200179,1,89.17493636868798
target_stop,10200182,1,312.8528080896427
target_stop,10200184,1,66.54713414828682
target_stop,10200191,1,163.1617053190128
target_stop,10200195,1,526.1678464184381
target_stop,10200215,1,20.25283835478629
target_stop,10200228,1,8.398420772677955
target_stop,10200231,1,43.17850107285756
target_stop,10200232,1,72.29979381747236
target_stop,10200236,1,69.78863169589837
target_stop,10200238,1,0.3965533866964961
target_stop,10200248,1,226.3986082568557
target_stop,10200254,1,72.11686120430917
target_stop,10200255,1,476.2911078362332
target_stop,10200260,1,26.120406395687247
target_stop,10200261,1,16.1849913129209
target_stop,10200263,1,445.2273086730735
target_stop,10200264,1,43.900294136260385
target_stop,10200278,1,17.877785040107142
target_stop,10200282,1,97.14406966781718
target_stop,10200294,1,15.255367330169207
target_stop,10200312,1,38.62664262431329
target_stop,10200318,1,68.96299715154615
target_stop,10200327,1,2.509055229597621
target_stop,10200340,1,26.780074941628683
target_stop,10200341,1,1.6614056777045931
target_stop,10200345,1,152.7650963979229
target_stop,10200355,1,135.13887439428086
target_stop,10200364,1,246.4891921081948
target_stop,10200372,1,356.7878598583916
target_stop,10200406,1,212.64596064326852
target_stop,10300010,1,452.99641145462414
target_stop,10300011,1,114.17229339029333
target_stop,10300013,1,317.0542483829595
target_stop,10300026,1,72.23381252637228
target_stop,10300121,1,433.3451660088474
target_stop,10300128,1,379.41368144919994
target_stop,10300130,1,38.62884074380759
target_stop,10300167,1,228.98640247563122
target_stop,10300171,1,216.07472444902692
target_stop,10300173,1,8.896753549527432
target_stop,10300178,1,204.70477789602137
target_stop,10300181,1,308.32894582083736
target_stop,10300186,1,31.385613569402892
target_stop,10300191,1,209.70048229657831
target_stop,10300204,1,214.81836481419748
target_stop,10300210,1,124.34716243516141
target_stop,10300215,1,4.051156750524882
target_stop,10300219,1,238.44996722787562
target_stop,10300226,1,114.97015469495443
target_stop,10300232,1,129.3979453265361
target_stop,10300234,1,40.07606406418331
target_stop,10300240,1,116.40810104397087
target_stop,10300241,1,69.99300704755646
target_stop,10300253,1,56.913465129598436
target_stop,10300256,1,23.867950620210898
target_stop,10300259,1,130.48020906344365
target_stop,10300261,1,74.07300203104322
target_stop,10300263,1,428.511108815463
target_stop,10300271,1,34.722478724606034
target_stop,10300281,1,56.186357615312296
target_stop,10300287,1,134.8213100402997
target_stop,10300345,1,165.82956687498194
target_stop,10300347,1,11.926568016805732
target_stop,10300357,1,29.601245208289384
target_stop,10300372,1,294.31920868484985
target_stop,10300375,1,123.77909253543748
target_stop,10300388,1,332.822733275186
target_stop,10400004,1,20.836205407212717
target_stop,10400005,1,34.35440442047127
target_stop,10400006,1,101.30480540420567
target_stop,10400008,1,136.37628145312937
target_stop,10400010,1,3.858877020461591
target_stop,10400011,1,197.20154984688833
target_stop,10400015,1,19.520675662281775
target_stop,10400017,1,94.14112297953841
target_stop,10400038,1,84.39988569151441
target_stop,10400047,1,242.35440442047127
target_stop,10400048,1,195.74073442877443
target_stop,10400049,1,3.399885691514413
target_stop,10400055,1,120.56488116051824
target_stop,10400076,1,117.14112297953841
target_stop,10400077,1,203.35534548860556
target_stop,10400094,1,114.5123393882042
target_stop,10400104,1,136.1411229795384
target_stop,10400106,1,21.106931585362986
target_stop,10400119,1,103.39754101462725
target_stop,10400132,1,152.35485206905537
target_stop,10400133,1,111.64559557952873
target_stop,10400155,1,80.47932433771823
target_stop,10400164,1,18.435118839481767
target_stop,10400188,1,162.64559557952873
target_stop,10400191,1,30.495429792745867
target_stop,10400193,1,158.60245898537275
target_stop,10400199,1,27.432225982021166
target_stop,10400204,1,270.06314762794443
target_stop,10400205,1,0.14112297953843722
target_stop,10400206,1,71.64559557952873
target_stop,10400222,1,176.89025846872863
target_stop,10400224,1,202.85246847666753
target_stop,10400227,1,39.623718546870634
target_stop,10400236,1,265.4701412436759
target_stop,10400269,1,40.63227711386645
target_stop,10400270,1,69.44147328367788
target_stop,10400289,1,134.99498955991103
target_stop,10400293,1,43.2149274766807
target_stop,10400298,1,41.49962193536939
target_stop,10400300,1,51.30881810518082
target_stop,10400301,1,21.644654511394435
target_stop,10400304,1,26.852468476667525
target_stop,10400307,1,45.4876606117958
target_stop,10400315,1,128.39922807979178
target_stop,10400409,1,146.06238551325924
target_stop,10400425,1,66.79983943719176
target_stop,10400426,1,14.68945525738529
target_stop,10400429,1,90.23039858181623
target_stop,10400431,1,141.93945513594082
target_stop,10400437,1,8.931130749637319
target_stop,10400447,1,173.56488116051824
target_stop,10400461,1,19.35119666961876
target_stop,10400463,1,118.76552537721432
target_stop,10400472,1,232.6894552573853
target_stop,10400501,1,167.62371854687063
target_stop,10400552,1,224.3461623945633
target_stop,10400553,1,253.35440442047127
target_stop,10400555,1,217.58634040502966
target_stop,10400556,1,13.893068414637014
target_stop,10400564,1,100.90440196401485
target_stop,10400567,1,41.940313843679604
target_stop,10400569,1,94.68945525738529
target_stop,10400627,1,40.48624669870355
target_stop,10400675,1,61.64880333038124
target_stop,10400676,1,61.5123393882042
target_stop,10400679,1,119.03460022132248
target_stop,10400683,1,199.14112297953844
target_stop,10400687,1,7.448539190903858
target_stop,10500003,1,45.68600582515457
target_stop,10500007,1,11.386803670030929
target_stop,10500008,1,87.37425069323561
target_stop,10500009,1,55.24015648620437
target_stop,10500011,1,149.31927170558674
target_stop,10500016,1,55.170679819146976
target_stop,10500044,1,150.15306519162752
target_stop,10500048,1,256.1789623521859
target_stop,10500071,1,56.15957377865266
target_stop,10500072,1,162.73711843024356
target_stop,10500074,1,87.69035380021265
target_stop,10500085,1,280.94779526364493
target_stop,10500095,1,52.25030704960683
target_stop,10500107,1,98.8865672877385
target_stop,10500117,1,240.00667484375353
target_stop,10500118,1,77.24800830964753
target_stop,10500129,1,31.85493879027571
target_stop,10500131,1,42.91385393573137
target_stop,10500140,1,1.2109839441028925
target_stop,10500142,1,75.31363581402053
target_stop,10500150,1,168.26460977740004
target_stop,10500198,1,36.96893466478491
target_stop,10500201,1,254.9658981556579
target_stop,10500208,1,25.42739356070598
target_stop,10500217,1,31.492231926206216
target_stop,10500220,1,169.20072142408372
target_stop,10500225,1,100.49519193798591
target_stop,10500262,1,56.821996026581076
target_stop,10500263,1,67.66539735905485
target_stop,10500270,1,15.321959352960192
target_stop,10500284,1,4.322322692309612
target_stop,10500286,1,117.08037022620988
target_stop,10500287,1,106.14684213469685
target_stop,10500290,1,13.683831266631643
target_stop,10500294,1,16.571863148687186
target_stop,10500295,1,60.11101604865519
target_stop,10500297,1,35.66722928125006
target_stop,10500300,1,14.903032137126203
target_stop,10500302,1,57.7631330728625
target_stop,10500305,1,80.46240756418418
target_stop,10500309,1,40.36731304365867
target_stop,10500313,1,3.565280114341931
target_stop,10500316,1,37.26402664279982
target_stop,10500319,1,91.74203006855436
target_stop,10500320,1,26.196628028150656
target_stop,10500333,1,288.70280203190146
target_stop,10500335,1,149.88420853516766
target_stop,10500366,1,187.05154753031655
target_stop,10500406,1,10.733659387322632
target_stop,10500408,1,172.9335258485157
target_stop,10500418,1,224.01276785862098
target_stop,10500425,1,196.24934413171326
target_stop,10500438,1,129.42025734533004
target_stop,10500451,1,95.60378701096448
target_stop,10500452,1,224.42508100979148
target_stop,10500464,1,146.1980131298008
target_stop,10500466,1,258.4233676407243
target_stop,10500467,1,131.00482812158506
target_stop,10500474,1,22.07040348753941
target_stop,10500553,1,216.1849455469839
target_stop,10500554,1,249.10884593999154
target_stop,10500557,1,26.824070329158687
target_stop,10500558,1,50.02147037716908
target_stop,10500562,1,132.3635726265769
target_stop,10500564,1,116.36758368153252
target_stop,10500604,1,93.5245545544129
target_stop,10500612,1,196.17344551195868
target_stop,10500620,1,40.02328034450528
target_stop,10500623,1,211.62929025447795
target_stop,10500633,1,137.35696195188106
target_stop,10500637,1,185.22069494829614
target_stop,10500674,1,213.80961486338998
target_stop,10500678,1,163.48140317136654
target_stop,10500680,1,67.04925943649204
target_stop,10500682,1,161.63822310921876
target_stop,10600106,1,110.92321382870098
target_stop,10600109,1,108.9559617188716
target_stop,10600112,1,7.711511529036024
target_stop,10600115,1,17.582745229195737
target_stop,10600119,1,113.729563457028
target_stop,10600123,1,404.1927776823606
target_stop,10600128,1,254.01541016348315
target_stop,10600132,1,277.589424859761
target_stop,10600137,1,119.35906528471507
target_stop,10600140,1,57.848182239356376
target_stop,10600143,1,155.5686240403894
target_stop,10600147,1,44.39583477222671
target_stop,10600150,1,77.66735648501452
target_stop,10600154,1,168.68870950585173
target_stop,10600157,1,87.79011441417211
target_stop,10600160,1,81.88647808524188
target_stop,10600161,1,164.89874595960606
target_stop,10600164,1,236.18555952438055
target_stop,10600168,1,10.364401336228873
target_stop,10600172,1,91.80837389988265
target_stop,10600176,1,165.4958350968858
target_stop,10600180,1,84.34387993058384
target_stop,10600183,1,73.274391112095
target_stop,10600186,1,170.69538314205232
target_stop,10600189,1,39.54717228557425
target_stop,10600193,1,9.22436574286769
target_stop,10600197,1,33.12602190302344
target_stop,10600200,1,105.34505438834515
target_stop,10600204,1,81.52348816355304
target_stop,10600205,1,48.662228505868185
target_stop,10600206,1,499.8944628215502
target_stop,10600301,1,53.61466741099458
target_stop,10700122,1,482.45852789966057
target_stop,10700125,1,391.19766961779703
target_stop,10700130,1,302.9899852482972
target_stop,10700135,1,206.10172920378636
target_stop,10700140,1,76.1902971933081
target_stop,10700141,1,87.468855258079
target_stop,10700142,1,172.26825218972942
target_stop,10700146,1,141.74175374886775
target_stop,10700149,1,13.66078828794195
target_stop,10700153,1,21.778821776491718
target_stop,10700156,1,23.823003693081517
target_stop,10700159,1,166.50749386522915
target_stop,10700160,1,3.6022587657311576
target_stop,10700163,1,241.57996272414866
target_stop,10700166,1,201.6446386396086
target_stop,10700170,1,79.31306665857237
target_stop,10700174,1,69.44843648055102
target_stop,10700177,1,106.0491550223776
target_stop,10700182,1,67.13875271437695
target_stop,10700185,1,168.32416365331653
target_stop,10700188,1,82.42854999644382
target_stop,10700192,1,93.57796322596019
target_stop,10700195,1,7.259002943843676
target_stop,10700199,1,108.45586954829653
target_stop,10700202,1,46.0660291439448
target_stop,10700204,1,68.97475592903432
target_stop,10700206,1,454.07123127192233
target_stop,10800031,1,32.17884068923202
target_stop,10800067,1,17.103940661310254
target_stop,10800147,1,23.94306986451997
target_stop,10800158,1,6.71607252234331
target_stop,10800178,1,125.90848758866622
target_stop,10800182,1,16.9981553762876
target_stop,10800183,1,89.67033605680372
target_stop,10800185,1,40.49821419620096
target_stop,10800190,1,81.11717314224202
target_stop,10800192,1,18.62423025126352
target_stop,10800194,1,54.14512904055606
target_stop,10800209,1,44.27176461475738
target_stop,10800213,1,3.79350242400173
target_stop,10800226,1,32.27353793222137
target_stop,10800228,1,55.635827541885185
target_stop,10800231,1,39.16845230375905
target_stop,10800236,1,57.32028726183307
target_stop,10800249,1,19.94570593920656
target_stop,10800269,1,89.03017930984063
target_stop,10800275,1,62.68871315551864
target_stop,10800281,1,75.7993471436105
target_stop,10800283,1,53.99269660207966
target_stop,10800288,1,49.671725810270445
target_stop,10800292,1,76.39486907573219
target_stop,10800295,1,45.35722194231634
target_stop,10800297,1,76.96926982934431
target_stop,10800302,1,42.547767259892346
target_stop,10800313,1,1.2983397517105715
target_stop,10800339,1,131.0139161993029
target_stop,10800341,1,122.73833649103844
target_stop,10800371,1,152.45538028710155
target_stop,10800374,1,50.19231870759006
target_stop,10800378,1,12.726708084742882
target_stop,10800385,1,73.7968291867052
target_stop,10800393,1,4.998185197981989
target_stop,10800403,1,40.38062062532639
target_stop,10800411,1,58.58312628821474
target_stop,10800425,1,199.4852725045423
target_stop,10800431,1,188.735908613144
target_stop,10800463,1,82.91225230116032
target_stop,10800465,1,34.4925884618251
target_stop,10800495,1,143.79291770298659
target_stop,10800519,1,35.461973228483984
target_stop,10800527,1,120.10685336898047
target_stop,10800530,1,54.81031358797571
target_stop,10800543,1,2.4713469366929957
target_stop,10800545,1,81.66712726436005
target_stop,10800567,1,4.592535423748693
target_stop,10800572,1,46.306353187655695
target_stop,10800573,1,10.564468877791896
target_stop,10800576,1,91.72507542818899
target_stop,10800584,1,81.72748865060497
target_stop,10800588,1,118.13879921177477
target_stop,10800607,1,0.18679716548766834
target_stop,10800619,1,119.30917954067405
target_stop,10800620,1,8.81380437968376
target_stop,10900014,1,72.48966132908552
target_stop,10900019,1,55.83765344713106
target_stop,10900045,1,14.46651228914429
target_stop,10900046,1,85.81724886044482
target_stop,10900073,1,148.9830034883023
target_stop,10900074,1,96.89947037323519
target_stop,10900147,1,7.472656256484356
target_stop,10900178,1,130.60721595186322
target_stop,10900185,1,17.278986635491208
target_stop,10900186,1,6.552150961788804
target_stop,10900201,1,25.814419325283467
target_stop,10900202,1,67.43594993853492
target_stop,10900206,1,11.64275473866995
target_stop,10900210,1,56.98470824896856
target_stop,10900213,1,27.254841227715318
target_stop,10900222,1,75.5827734994929
target_stop,10900226,1,8.916295116265076
target_stop,10900227,1,141.7722670998017
target_stop,10900230,1,44.63418362377858
target_stop,10900231,1,23.487956910773477
target_stop,10900232,1,59.991238840911386
target_stop,10900236,1,59.85699244524532
target_stop,10900244,1,68.65541974239677
target_stop,10900269,1,43.892265707139146
target_stop,10900275,1,45.774284236494935
target_stop,10900281,1,14.279200499194857
target_stop,10900288,1,10.794842472223124
target_stop,10900289,1,50.83590447155241
target_stop,10900293,1,72.20340716955671
target_stop,10900294,1,99.81002125456959
target_stop,10900296,1,50.54119368238294
target_stop,10900303,1,11.707159642609364
target_stop,10900313,1,37.74184796350969
target_stop,10900343,1,31.136425064301854
target_stop,10900347,1,58.94693607832399
target_stop,10900354,1,86.03115862058338
target_stop,10900374,1,62.34601980255572
target_stop,10900385,1,72.34934265612577
target_stop,10900410,1,39.571749814923834
target_stop,10900428,1,45.33480350855447
target_stop,10900452,1,180.2127390729299
target_stop,10900464,1,58.3078285844301
target_stop,10900469,1,139.86384203491866
target_stop,10900476,1,4.363314135943579
target_stop,10900496,1,24.162535791658385
target_stop,10900507,1,62.00542336561415
target_stop,10900514,1,40.81045604494152
target_stop,10900527,1,145.18528382830743
target_stop,10900530,1,4.93343344585486
target_stop,10900554,1,8.989695468763955
target_stop,10900567,1,33.18265430193623
target_stop,10900569,1,75.88824921344593
target_stop,10900576,1,55.19280794997229
target_stop,10900578,1,12.486707978311308
target_stop,10900618,1,4.237761712823236
target_stop,10900619,1,122.18717281519872
target_stop,11000012,1,137.83022631004786
target_stop,11000022,1,75.40228706396798
target_stop,11000028,1,129.16977368995214
target_stop,11000040,1,253.3966876284657
target_stop,11000044,1,54.355345488605565
target_stop,11000046,1,101.07233072198676
target_stop,11000052,1,57.04392829919499
target_stop,11000055,1,71.4003641696701
target_stop,11000066,1,102.14112297953841
target_stop,11000069,1,80.14112297953841
target_stop,11000077,1,117.14112297953841
target_stop,11000080,1,160.1411229795384
target_stop,11000106,1,167.14112297953844
target_stop,11000109,1,209.53079312508243
target_stop,11000111,1,188.1411229795384
target_stop,11000114,1,151.1411229795384
target_stop,11000145,1,9.858877020461591
target_stop,11000159,1,231.51375330129645
target_stop,11000162,1,7.310544742614713
target_stop,11000163,1,6.875250879120102
target_stop,11000168,1,234.14112297953844
target_stop,11000171,1,216.44853919090386
target_stop,11000221,1,322.43506908934665
target_stop,11000224,1,110.01392046029
target_stop,11000251,1,125.21823670090339
target_stop,11000273,1,166.8588770204616
target_stop,11000279,1,200.14112297953844
target_stop,11000287,1,195.14112297953844
target_stop,11000430,1,266.5731431256702
target_stop,11000444,1,81.85246847666753
target_stop,11000448,1,298.8588770204616
target_stop,11000449,1,53.14875525066638
target_stop,11000452,1,326.16977368995214
target_stop,11000460,1,69.36772288613355
target_stop,11000471,1,1.8893249962750929
target_stop,11000479,1,7.641634672569264
target_stop,11000480,1,13.75801610194917
target_stop,11000485,1,29.234474622785676
target_stop,11000489,1,12.977375839872305
target_stop,11000553,1,290.8588770204616
target_stop,11000557,1,71.79027959075243
target_stop,11000566,1,22.90549100105452
target_stop,11000587,1,32.765525377214324
target_stop,11000599,1,8.875250879120102
target_stop,11000607,1,24.15389198089229
target_stop,11100012,1,80.83022631004786
target_stop,11100022,1,17.499041607402873
target_stop,11100028,1,97.16977368995214
target_stop,11100040,1,221.35534548860556
target_stop,11100044,1,83.51375330129645
target_stop,11100046,1,18.355345488605565
target_stop,11100052,1,22.836205407212717
target_stop,11100055,1,74.80669003455623
target_stop,11100066,1,157.1411229795384
target_stop,11100069,1,105.14112297953841
target_stop,11100077,1,112.14112297953841
target_stop,11100080,1,184.1411229795384
target_stop,11100106,1,180.14112297953844
target_stop,11100109,1,213.68920093777325
target_stop,11100111,1,103.14112297953841
target_stop,11100114,1,107.14112297953841
target_stop,11100145,1,14.141122979538437
target_stop,11100159,1,258.35534548860556
target_stop,11100162,1,25.632024946354715
target_stop,11100163,1,7.600635131271716
target_stop,11100168,1,255.62371854687063
target_stop,11100171,1,203.9403138436796
target_stop,11100221,1,338.43506908934665
target_stop,11100224,1,68.11067500372491
target_stop,11100251,1,107.40623144758837
target_stop,11100273,1,159.85887702046156
target_stop,11100279,1,230.14112297953844
target_stop,11100287,1,166.14112297953844
target_stop,11100430,1,237.51575174653155
target_stop,11100444,1,116.69058327977483
target_stop,11100448,1,284.8588770204616
target_stop,11100449,1,63.76960141818377
target_stop,11100452,1,318.16977368995214
target_stop,11100460,1,6.361127866784159
target_stop,11100471,1,15.765525377214324
target_stop,11100479,1,11.318570714906905
target_stop,11100480,1,20.51479016918378
target_stop,11100485,1,28.600635131271716
target_stop,11100489,1,2.361127866784159
target_stop,11100553,1,265.8588770204616
target_stop,11100557,1,12.385872841229634
target_stop,11100566,1,29.875250879120102
target_stop,11100587,1,69.10974153127137
target_stop,11100599,1,17.977375839872305
target_stop,11100607,1,21.21796114676389
target_stop,11200000,1,9.62186685740005
target_stop,11200001,1,5.26264311373448
target_stop,11200006,1,27.52140405116832
target_stop,11200013,1,16.48367034824448
target_stop,11200019,1,10.156993652798153
target_stop,11200022,1,1.8951862448109154
target_stop,11200030,1,13.325006721355134
target_stop,11200031,1,17.62186685740005
target_stop,11200033,1,15.7071167643311
target_stop,11200039,1,18.24610018593966
target_stop,11200042,1,4.674993278644866
target_stop,11200043,1,2.0282300645966913
target_stop,11200049,1,15.26264311373448
target_stop,11200054,1,24.87194648697149
target_stop,11200056,1,39.69793697722909
target_stop,11200069,1,30.00488180432294
target_stop,11200077,1,7.604421568914066
target_stop,11200080,1,39.69793697722909
target_stop,11300000,1,10.613609231279941
target_stop,11300001,1,46.38639076872006
target_stop,11300006,1,37.353390982611344
target_stop,11300013,1,49.33968315537548
target_stop,11300019,1,16.463191494728484
target_stop,11300022,1,17.027167025054496
target_stop,11300030,1,0.6759728389005915
target_stop,11300031,1,2.0271670250544958
target_stop,11300033,1,35.88711360282622
target_stop,11300039,1,2.597953237003871
target_stop,11300042,1,7.3240271610994085
target_stop,11300043,1,41.22291260451694
target_stop,11300049,1,12.099486218943994
target_stop,11300054,1,0.6610065165684489
target_stop,11300056,1,36.099486218943994
target_stop,11300069,1,5.572224927465982
target_stop,11300077,1,35.52497714031455
target_stop,11300080,1,42.106081238293385
target_stop,11400004,1,8.51479224230783
target_stop,11400025,1,10.46446220058148
target_stop,11400029,1,164.99233941592033
target_stop,11400034,1,154.82020040314947
target_stop,11400046,1,267.8792108620213
target_stop,11400069,1,12.58439992624374
target_stop,11400072,1,162.5450208184499
target_stop,11400117,1,96.22107242246823
target_stop,11400127,1,78.91058537584674
target_stop,11400133,1,1.2392870508400478
target_stop,11400144,1,15.193573810250612
target_stop,11400145,1,162.91929539191412
target_stop,11400168,1,80.33073285584497
target_stop,11400173,1,88.5450208184499
target_stop,11400176,1,172.70752031870217
target_stop,11400192,1,91.27206583223588
target_stop,11400202,1,106.53553779941852
target_stop,11400206,1,188.0739823860896
target_stop,11400207,1,0.31697722046786936
target_stop,11400211,1,0.4644622005814796
target_stop,11400219,1,132.92279336616835
target_stop,11400242,1,74.42131370803432
target_stop,11400266,1,58.20608991244575
target_stop,11400273,1,154.46446220058147
target_stop,11400285,1,114.75015417132755
target_stop,11400294,1,13.575728931847635
target_stop,11400303,1,121.54487428564393
target_stop,11400315,1,41.03790464625365
target_stop,11400316,1,187.63087312122244
target_stop,11400320,1,207.7928987254262
target_stop,11400328,1,12.206480845719312
target_stop,11400330,1,87.69549408976727
target_stop,11400347,1,16.39087774870363
target_stop,11400351,1,26.130301627409462
target_stop,11400353,1,11.31697722046787
target_stop,11400354,1,135.37206378556135
target_stop,11400362,1,272.2743628879914
target_stop,11400367,1,5.823601197616789
target_stop,11400377,1,79.42427106815236
target_stop,11400381,1,11.41560007375626
target_stop,11400384,1,164.50352179394696
target_stop,11400387,1,4.578686291965681
target_stop,11400396,1,31.53553779941852
target_stop,11400401,1,172.05272724651135
target_stop,11400409,1,8.627936214438662
target_stop,11400413,1,59.39087774870363
target_stop,11400419,1,2.761625481383831
target_stop,11400423,1,131.72793416776412
target_stop,11400427,1,21.96209535374635
target_stop,11400430,1,144.26257384382296
target_stop,11400434,1,84.96390852147947
target_stop,11400445,1,89.01453436690619
target_stop,11400453,1,182.39087774870364
target_stop,11400455,1,113.60528974410579
target_stop,11400459,1,145.03609147852052
target_stop,11400460,1,134.03609147852052
target_stop,11400463,1,252.30158682188517
target_stop,11400464,1,86.91929539191412
target_stop,11400467,1,73.52389424460227
target_stop,11400515,1,65.03609147852053
target_stop,11400516,1,91.07398238608958
target_stop,11400517,1,11.498305303019421
target_stop,11400519,1,64.60912225129637
target_stop,11400524,1,65.58439992624375
target_stop,11500020,1,49.055841107939784
target_stop,11500029,1,121.9174131695913
target_stop,11500036,1,51.737356886265516
target_stop,11500048,1,88.66813420922514
target_stop,11500057,1,172.97915875414998
target_stop,11500059,1,69.98986355181583
target_stop,11500062,1,130.6979369772291
target_stop,11500064,1,188.3020630227709
target_stop,11500082,1,9.112229700755009
target_stop,11500113,1,95.99645754223994
target_stop,11500114,1,49.814157612273945
target_stop,11500117,1,108.24488487925208
target_stop,11500122,1,73.76064818573214
target_stop,11500133,1,44.24940580929676
target_stop,11500135,1,33.09421791034515
target_stop,11500142,1,67.84300634720185
target_stop,11500162,1,180.3020630227709
target_stop,11500164,1,177.80847105266108
target_stop,11500176,1,149.72548900638506
target_stop,11500219,1,96.98986355181583
target_stop,11500232,1,19.079786756519738
target_stop,11500247,1,231.9174131695913
target_stop,11500284,1,122.30206302277091
target_stop,11500285,1,118.50336243086846
target_stop,11500303,1,125.26264311373448
target_stop,11500320,1,183.0282300645967
target_stop,11500321,1,18.75059419070324
target_stop,11500323,1,33.70487713541655
target_stop,11500330,1,121.88805043809938
target_stop,11500346,1,54.998248236041405
target_stop,11500350,1,195.3082942373424
target_stop,11500351,1,8.814157612273942
target_stop,11500355,1,71.23632631225624
target_stop,11500356,1,15.25147989860146
target_stop,11500359,1,120.10426284211522
target_stop,11500363,1,279.4343047052146
target_stop,11500367,1,40.02902690718364
target_stop,11500369,1,29.036947472385272
target_stop,11500378,1,97.87930357108719
target_stop,11500382,1,89.50286623411425
target_stop,11500384,1,196.90806789689614
target_stop,11500390,1,47.37813314259995
target_stop,11500392,1,66.09099799660594
target_stop,11500402,1,69.24488487925208
target_stop,11500417,1,98.29512286458345
target_stop,11500419,1,7.235519307077254
target_stop,11500425,1,144.65827541196012
target_stop,11500428,1,12.684122144753104
target_stop,11500429,1,18.331865790774856
target_stop,11500431,1,88.544666419285
target_stop,11500436,1,3.7872779261287803
target_stop,11500445,1,76.29512286458345
target_stop,11500451,1,205.2352752651688
target_stop,11500454,1,191.7590956694871
target_stop,11500456,1,27.27451099361494
target_stop,11500465,1,152.46362831836393
target_stop,11500469,1,135.78727792612878
target_stop,11500475,1,5.517471671550993
target_stop,11500517,1,7.346258358042874
target_stop,11500520,1,60.24940580929676
target_stop,11500522,1,130.33186579077486
target_stop,53698370123,1,70.46751208283725
target_stop,53698370129,1,45.98258465875069
target_stop,53698370161,1,108.50806476709344
target_stop,53698370166,1,54.21697464107685
target_stop,53698370169,1,5.465742686171424
target_stop,53698370177,1,20.486924554957838
target_stop,53698370178,1,10.967253370281412
target_stop,53698370179,1,48.19039366379965
target_stop,53698370184,1,120.45833737285182
target_stop,53698370186,1,79.98948071452953
target_stop,53698370190,1,6.629721691157229
target_stop,53698370335,1,115.49297746558456
target_stop,53698370337,1,235.24332037483632
target_stop,53698370341,1,134.68506971053884
target_stop,53698370345,1,123.05375005049629
target_stop,53698370346,1,46.49523292065015
target_stop,53698370350,1,129.48765865396945
target_stop,53698370352,1,129.75631899377436
target_stop,53698370356,1,160.7838788059932
target_stop,53698370362,1,25.744807322991036
target_stop,53698426108,1,11.020449575155233
target_stop,53698426111,1,4.820379709569818
target_stop,53698426113,1,4.820379709569818
target_stop,53698426116,1,11.020449575155233
target_stop,53698426124,1,4.820379709569818
target_stop,53698426128,1,4.820379709569818
target_stop,53698426129,1,6.352974848679814
target_stop,53698426132,1,11.020449575155233
target_stop,53698426134,1,4.820379709569818
target_stop,53698426138,1,11.020449575155233
target_stop,53698426141,1,4.546393573044155
target_stop,53698426143,1,4.820379709569818
target_stop,53698461574,1,15.982951095073702
target_stop,53698461578,1,32.888323050377146
target_stop,53698461582,1,38.857066383131865
target_stop,53698461586,1,29.19526076142136
target_stop,53698461587,1,23.066710535127093
target_stop,53698461637,1,74.49928248449089
target_stop,53698461638,1,40.082112674707346
target_stop,53698461640,1,33.062417925520535
target_stop,53698461643,1,71.99940145387352
target_stop,53698461648,1,89.22259546514742
target_stop,53698461650,1,107.63156568082519
target_stop,53698461652,1,71.1652692880894
target_stop,53698461653,1,48.96407257097323
target_stop,53698461657,1,35.24074612804871
target_stop,53698461659,1,6.871522224642632
target_stop,53698461661,1,41.228985807731476
target_stop,53698461663,1,89.97241356927772
target_stop,53698461670,1,78.54733325313526
target_stop,53698461672,1,76.96886148313222
target_stop,53698461673,1,21.930991543685934
target_stop,53698461677,1,22.315112950691773
target_stop,53698461678,1,16.473398432484245
target_stop,53698461679,1,14.868214640292752
target_stop,53698461681,1,32.67713247186887
target_stop,53698461685,1,108.36865580594025
target_stop,53698461687,1,88.7836031896413
target_stop,53698461689,1,80.22890971383322
target_stop,53698549300,1,95.60929479314831
target_stop,53698549301,1,19.638339438115665
target_stop,53698549304,1,156.3415665401753
target_stop,53698549306,1,141.4319341232171
target_stop,53698549338,1,14.610215806740769
target_stop,53698549533,1,15.19955684802764
target_stop,53698549541,1,117.64826855694156
target_stop,53698549545,1,106.72363348489455
target_stop,53698549547,1,32.79022348960257
target_stop,53698549548,1,29.777601070181987
target_stop,53698549553,1,165.79575351880118
target_stop,53698549554,1,139.01578660258332
target_stop,53698549556,1,120.64845515002986
target_stop,53698549627,1,227.62603533306768
target_stop,53698549632,1,270.0830554166146
target_stop,53698549644,1,217.12955237596557
target_stop,53698549651,1,256.2882629810014
target_stop,53698549654,1,67.01652090052548
target_stop,53698549658,1,84.53878203464713
target_stop,53698549661,1,99.03837712464303
target_stop,53698549666,1,37.04298491802791
target_stop,53698549669,1,21.165201337117026
target_stop,53698549722,1,30.986573174582006
target_stop,53698549723,1,28.839539484896328
target_stop,53698549761,1,168.1732732441019
target_stop,53698549762,1,157.8921323279609
target_stop,53698549772,1,41.00649495283497
target_stop,53698549773,1,82.91568108783184
target_stop,53698549776,1,156.90829271351237
target_stop,53698549780,1,89.0430047067702
target_stop,53698549784,1,27.329188209089466
target_stop,53698549786,1,86.60294627775164
target_stop,53698549789,1,121.35866647822657
target_stop,53698549792,1,31.363203179101717
target_stop,53698549794,1,138.7810248111341
target_stop,53698549801,1,121.85609734775268
target_stop,53698549804,1,37.645588793539844
target_stop,53698549808,1,44.25005258284588
target_stop,53698549813,1,97.1944286534198
target_stop,53698549831,1,78.41753618463926
target_stop,53698549833,1,22.89022881839763
target_stop,53699018754,1,37.09078315259194
target_stop,53699018758,1,11.764363772682657
target_stop,53699018762,1,71.85187052295541
target_stop,53699018767,1,49.4764156121972
target_stop,53699018774,1,111.11280433312513
target_stop,53699018776,1,309.8948880885897
target_stop,53699018778,1,63.40228706396798
target_stop,53699018781,1,85.81659330321983
target_stop,53699018786,1,26.429504299789713
target_stop,53699018861,1,5.3546082143427025
target_stop,53699018863,1,3.059106393107853
target_stop,53699018870,1,0.9050222015756892
target_stop,53699018871,1,1.4804861607847704
target_stop,53699018876,1,4.820379709569818
target_stop,53699018882,1,4.361705695965609
target_stop,53699018899,1,14.88423475748651
target_stop,53699018900,1,1.4804861607847704
target_stop,53699018901,1,32.25118078884565
target_stop,53699018904,1,1.4804861607847704
target_stop,53699018910,1,11.020449575155233
target_stop,53699018913,1,0.9050222015756892
target_stop,53699018922,1,11.020449575155233
target_stop,53699018933,1,250.45205837658878
target_stop,53699018938,1,12.768949362917994
target_stop,53699018941,1,70.83891789226111
target_stop,53699018948,1,255.51327815485416
target_stop,53699018950,1,535.039349304726
target_stop,53699018954,1,14.781134445684188
target_stop,53699018955,1,111.25690606321254
target_stop,53699018960,1,217.52158736041318
target_stop,53699018965,1,247.48264336299366
target_stop,53699018970,1,240.22201056978867
target_stop,53699018972,1,253.305457851372
target_stop,53699018975,1,55.57099345663879
target_stop,53699018978,1,82.70736904006253
target_stop,53699018982,1,102.51014324516274
target_stop,53699018985,1,60.23778173849411
target_stop,53699018987,1,36.33735587261404
target_stop,53699018989,1,179.5832131530451
target_stop,53699018991,1,112.59788771119548
target_stop,53699018999,1,116.37884672215351
target_stop,53699019003,1,51.240661999444086
target_stop,53699019008,1,347.0204495751552
target_stop,53699019010,1,6.29061563075507
target_stop,53699019012,1,141.02044957515523
target_stop,53699433828,1,3.3929411660759454
target_stop,53699433830,1,0.9050222015756892
target_stop,53699433832,1,10.018962128277316
target_stop,53699433834,1,2.3200123713540046
target_stop,53699433837,1,44.965842379120645
target_stop,53699433839,1,57.95044946093783
target_stop,53699433840,1,98.74520542535305
target_stop,53699433916,1,10.032135667385674
target_stop,53699433920,1,147.76465119033531
target_stop,53699433922,1,5.927793168131892
target_stop,53699433924,1,21.27291289397199
target_stop,53699433925,1,8.723435231088615
target_stop,53699433929,1,24.297871070323477
target_stop,53699434038,1,2.9449554099881112
target_stop,53699434039,1,10.668217360313502
target_stop,53699434041,1,9.412804041993663
target_stop,53699434045,1,1.0292432925364974
target_stop,53699434046,1,76.60043108910963
target_stop,53699434047,1,234.37737618315776
target_stop,53699434049,1,233.7273969121635
target_stop,53699434052,1,0.743283585079527
target_stop,53699456604,1,25.388013571880975
target_stop,53699456616,1,4.249765021536703
target_stop,53699456650,1,32.076372518038355
target_stop,53699456652,1,90.38227999034942
target_stop,53699456662,1,191.40480732235767
target_stop,53699456667,1,164.122613999212
target_stop,53699456669,1,130.58753384556672
target_stop,53699456678,1,66.45879201231587
target_stop,53699456682,1,105.39231993395569
target_stop,53699456685,1,56.58244006048798
target_stop,53699456687,1,7.085976311541721
target_stop,53699456691,1,61.356957523069646
target_stop,53699456701,1,10.761612980985845
target_stop,53699456705,1,23.05942186652753
target_stop,53699456709,1,11.897006089940731
target_stop,53699456710,1,28.95620560822948
target_stop,53699456713,1,87.17598104198987
target_stop,53699456717,1,59.59539941300295
target_stop,53699456741,1,5.710771753426975
target_stop,53699456744,1,25.24014238476964
target_stop,53699456751,1,110.70005093943402
target_stop,53699456754,1,47.5066030220181
target_stop,53699456759,1,66.16412543563729
target_stop,53699456770,1,19.734053392843236
target_stop,53699456774,1,28.16257767994071
target_stop,53699456777,1,23.57254814762699
target_stop,53699456780,1,119.55615155445267
target_stop,53699456784,1,31.041792873915906
target_stop,53699456788,1,18.53614807946454
target_stop,53699456791,1,73.48441618173446
target_stop,53699456796,1,51.39174108623327
target_stop,53699456801,1,42.75403402341954
target_stop,53699456803,1,33.594909857137665
target_stop,53699456807,1,88.48483428615832
target_stop,53699456810,1,13.228211698356418
target_stop,53699456814,1,46.63845546563647
target_stop,53699456820,1,53.49927084016458
target_stop,53699456828,1,12.43140020137875
target_stop,53699456831,1,24.852973191484395
target_stop,53700336063,1,130.34814165082787
target_stop,53700336067,1,158.32523855455577
target_stop,53700336070,1,84.37296877314105
target_stop,53700336072,1,19.63270033050631
target_stop,53700336075,1,47.33708443138128
target_stop,53700336080,1,145.0913073523538
target_stop,53700336083,1,15.179507322862825
target_stop,53700336088,1,131.16839084578143
target_stop,53700336091,1,78.30212910327509
target_stop,53700336095,1,60.59142938988548
target_stop,53700336098,1,24.92579353937198
target_stop,53700336101,1,53.88124950872732
target_stop,53700336104,1,20.683475424103094
target_stop,53700336740,1,330.38718448709227
target_stop,53700336744,1,4.392694550643814
target_stop,53700336747,1,51.334043044359134
target_stop,53700336749,1,115.43584173822165
target_stop,53700336754,1,74.9370114019068
target_stop,53700336757,1,122.84313438971543
target_stop,53700336761,1,138.47864834261907
target_stop,53700641117,1,308.0462803963018
target_stop,53700641131,1,287.6110618276307
target_stop,53700641132,1,315.62480718083395
target_stop,53700641133,1,398.5295569346034
target_stop,53700641134,1,107.82714447084291
target_stop,53700641140,1,159.0472002349377
target_stop,53700641141,1,58.855360021894576
target_stop,53700641150,1,115.16698010961684
target_stop,53700641226,1,212.50939654163116
target_stop,53700641331,1,52.95935590113486
target_stop,53700641332,1,99.53579250031399
target_stop,53700641338,1,14.992340484147363
target_stop,53700641339,1,241.69750166308137
target_stop,53700641347,1,56.139021204993455
target_stop,53718539394,1,11.020449575155233
target_stop,53718539397,1,2.8751015525326205
target_stop,53718539399,1,4.546393573044155
target_stop,53718539429,1,16.87505801208401
target_stop,53718539433,1,94.7950086332114
target_stop,53718539441,1,52.971053964213354
target_stop,53718539443,1,17.446425768307243
target_stop,53718539444,1,76.82255833741365
target_stop,53718539446,1,34.45644546309776
target_stop,53718539447,1,59.349241529580084
target_stop,53718539449,1,32.73560331479612
target_stop,53718539454,1,103.47369408642793
target_stop,53718539459,1,38.40115153753982
target_stop,53718724104,1,90.53985767572907
target_stop,53718724105,1,121.80667648846921
target_stop,53718724107,1,191.11694348777743
target_stop,53718724127,1,35.14495424657994
target_stop,53718724130,1,22.50200146737697
target_stop,53718724145,1,36.36425450987005
target_stop,53718724148,1,106.6492890186502
target_stop,53718724149,1,105.44865104330557
target_stop,53718724150,1,113.02727664079178
target_stop,53718724154,1,166.4002680130343
target_stop,53718724156,1,28.728989952862122
target_stop,53718724159,1,58.96415423287678
target_stop,53718724161,1,37.27529942952541
target_stop,53718724163,1,135.14803233404496
target_stop,53718724166,1,118.63306452234184
target_stop,53718724171,1,72.76620481559932
target_stop,53718724172,1,157.05203284251735
target_stop,53718724184,1,212.25266101438785
target_stop,53718724185,1,27.828511184133788
target_stop,53718724191,1,209.57021639190936
target_stop,53718724194,1,118.16747432600675
target_stop,53718724202,1,95.20708908896282
target_stop,53718724250,1,9.214420443243082
target_stop,53718724265,1,23.9631447639412
target_stop,53718724266,1,49.6067630812603
target_stop,53718724268,1,3.5563826830145686
target_stop,53718724277,1,28.7322229077253
target_stop,53718724283,1,116.66403950697244
target_stop,53718724289,1,82.76618034770614
target_stop,53718724291,1,26.56033193391312
target_stop,53718724292,1,211.74149132432777
target_stop,53718724300,1,53.07305715192939
target_stop,53718724302,1,5.944669088641817
target_stop,53718724309,1,108.33885670660217
target_stop,53718724315,1,112.25006504245198
target_stop,53718724316,1,2.6880423292598437
target_stop,53718724318,1,79.88865951171009
target_stop,53718793778,1,177.90834848855957
target_stop,53718793794,1,209.34780603718465
target_stop,53718793814,1,204.93381600281316
target_stop,53718793825,1,313.2214638612637
target_stop,53718793827,1,175.56063263163213
target_stop,53718793831,1,124.03923136352341
target_stop,53718793837,1,281.2242007661492
target_stop,53718793842,1,197.49519207135128
target_stop,53718793843,1,308.2744454692966
target_stop,53718793845,1,203.54859917757807
target_stop,53718793848,1,275.81990245684824
target_stop,53718793854,1,43.87451367489274
target_stop,53718793855,1,203.3790909093483
target_stop,53718793873,1,2.804826179032432
target_stop,53718793879,1,408.7719191379386
target_stop,53718793886,1,451.8059681818779
target_stop,53718793891,1,435.39170059698375
target_stop,53721480896,1,51.33771031182572
target_stop,53721480900,1,240.37850066912918
target_stop,53721480905,1,353.97656648235863
target_stop,53721480910,1,290.58081260145923
target_stop,53721480912,1,286.54830904153454
target_stop,53721480915,1,155.90821189631833
target_stop,53721480917,1,201.10114744009297
target_stop,53721480921,1,133.4619752829817
target_stop,53721480999,1,158.71107499913978
target_stop,53721481002,1,158.71107499913978
target_stop,53721481010,1,11.020449575155233
target_stop,53721481012,1,11.020449575155233
target_stop,53721481021,1,11.020449575155233
target_stop,53721481023,1,303.16977368995214
target_stop,53721481025,1,269.74073442877443
target_stop,53721481026,1,11.542562004254197
target_stop,53721481028,1,16.08535724651602
target_stop,53721481031,1,20.757476901001894
target_stop,53721481036,1,11.020449575155233
target_stop,53721481039,1,11.020449575155233
target_stop,53721481044,1,11.020449575155233
target_stop,53721481048,1,14.28075216998537
target_stop,53721481051,1,30.726077636906176
target_stop,53721481054,1,18.263283515174454
target_stop,53721481062,1,307.94171210887606
target_stop,53721481067,1,11.020449575155233
target_stop,53721481070,1,11.020449575155233
target_stop,9000057,1,219.17884995272527
target_stop,9000087,1,21.57034865070652
target_stop,9000088,1,31.371276928056417
target_stop,9000092,1,11.495679666410098
target_stop,9000093,1,67.79506126858386
target_stop,9000094,1,37.92601761391042
target_stop,9000103,1,333.09517043579626
target_stop,9000105,1,60.36112786678416
target_stop,9000107,1,317.36112786678416
target_stop,9000112,1,256.78259316526487
target_stop,9000115,1,38.12928597318806
target_stop,9000119,1,25.07562940158889
target_stop,9000120,1,15.183658364066904
target_stop,9000126,1,4.896510986931771
target_stop,9000128,1,13.18404819196537
target_stop,9000129,1,21.86194846629276
target_stop,9000130,1,38.09839591977592
target_stop,9000137,1,39.238319440757046
target_stop,9000138,1,3.0226241601276946
target_stop,9000139,1,1.5336796491768823
target_stop,9000150,1,23.553643859371835
target_stop,9000158,1,15.265887987105351
target_stop,9000164,1,333.78621871301857
target_stop,9000167,1,239.78570696098853
target_stop,9000239,1,152.73748309984782
target_stop,9000253,1,43.25697891201045
target_stop,9000255,1,102.5565609063068
target_stop,9000259,1,48.844762947332285
target_stop,9000275,1,165.5314106759639
target_stop,9000310,1,38.59546677407573
target_stop,9000311,1,42.31054474261471
target_stop,9000314,1,3.72649864072352
target_stop,9000316,1,16.694652309189014
target_stop,9000317,1,9.358282177925588
target_stop,9000320,1,35.613378991386
target_stop,9000325,1,3.242331482542017
target_stop,9000331,1,10.944590837986645
target_stop,9000348,1,316.12826331244054
target_stop,9000370,1,200.72952601674234
target_stop,9000380,1,240.6255925437524
target_stop,9000501,1,69.50789207231838
target_stop,9000503,1,28.88860991785093
target_stop,9000504,1,213.8459000028059
target_stop,9000508,1,113.50061696172679
target_stop,9000520,1,20.072164943958285
target_stop,9000524,1,33.926749137442556
target_stop,9000533,1,18.630758879792058
target_stop,9000603,1,108.02602418401871
target_stop,9000607,1,72.66057231684127
target_stop,9000608,1,153.6953870824782
target_stop,9000611,1,206.01121586838687
target_stop,9000615,1,3.944530621834531
target_stop,9000620,1,20.395061167628512
target_stop,9000622,1,24.710365394657316
target_stop,9000626,1,305.20031991657345
target_stop,9000628,1,19.986079539709998
target_stop,9000630,1,287.30110107121766
target_stop,9000631,1,500.84552522667536
target_stop,9000634,1,229.66057231684127
target_stop,9000637,1,55.933230859536394
target_stop,9100057,1,197.86946246802
target_stop,9100087,1,9.65498247135406
target_stop,9100088,1,13.96339707514445
target_stop,9100094,1,5.8767813748014035
target_stop,9100103,1,393.19330996544375
target_stop,9100105,1,7.546540505201243
target_stop,9100107,1,348.5465405052012
target_stop,9100112,1,308.34343734764957
target_stop,9100115,1,47.11293372475257
target_stop,9100119,1,15.529548614539914
target_stop,9100120,1,1.7407368047645342
target_stop,9100126,1,11.03909854202121
target_stop,9100128,1,5.088035557240797
target_stop,9100129,1,3.000207760374341
target_stop,9100130,1,8.863893903998964
target_stop,9100137,1,16.523927965371723
target_stop,9100138,1,2.3847510132529166
target_stop,9100139,1,35.41748692512491
target_stop,9100150,1,2.2022573588752437
target_stop,9100158,1,1.7250815534976063
target_stop,9100164,1,334.5322324157838
target_stop,9100167,1,298.82294517938703
target_stop,9100239,1,167.35744790539073
target_stop,9100253,1,40.290280148242104
target_stop,9100255,1,63.40947209014703
target_stop,9100259,1,65.85382489642242
target_stop,9100275,1,158.18105274559636
target_stop,9100310,1,16.04354667989233
target_stop,9100311,1,25.470470385372202
target_stop,9100314,1,28.24047123999104
target_stop,9100316,1,20.22378698976764
target_stop,9100325,1,1.3476333589871619
target_stop,9100331,1,3.626378049535706
target_stop,9100348,1,262.6678084206627
target_stop,9100370,1,246.54517528500665
target_stop,9100380,1,263.0146382887235
target_stop,9100501,1,91.68461728594629
target_stop,9100503,1,11.071424995495754
target_stop,9100504,1,238.90334330653167
target_stop,9100508,1,62.57374104594797
target_stop,9100520,1,5.722525026286348
target_stop,9100524,1,31.744649502555262
target_stop,9100533,1,20.01751936029673
target_stop,9100603,1,143.3192466306574
target_stop,9100607,1,124.62708552985757
target_stop,9100608,1,146.9809815824108
target_stop,9100611,1,149.8142169506545
target_stop,9100615,1,29.631757141750427
target_stop,9100620,1,37.0856316623931
target_stop,9100622,1,42.48195802766021
target_stop,9100626,1,295.87144241197325
target_stop,9100628,1,46.574092534357206
target_stop,9100630,1,304.72631531303847
target_stop,9100631,1,512.8918540778286
target_stop,9100634,1,201.62708552985757
target_stop,9100637,1,42.54561179348251
target_stop,9200000,1,45.17081654922392
target_stop,9200001,1,83.4798437139741
target_stop,9200009,1,18.97203910812049
target_stop,9200052,1,46.17783142816768
target_stop,9200055,1,50.56945521674237
target_stop,9200115,1,46.238583368637904
target_stop,9200139,1,104.13468405656045
target_stop,9200142,1,23.027650448346908
target_stop,9200171,1,17.65622248491232
target_stop,9200200,1,103.49721810590057
target_stop,9200203,1,11.446954692109756
target_stop,9200209,1,7.105257699716958
target_stop,9200210,1,54.89483984291316
target_stop,9200211,1,28.880859515530716
target_stop,9200212,1,31.10344113526404
target_stop,9300055,1,24.762168302754567
target_stop,9300172,1,51.21638704283366
target_stop,9300202,1,53.954174962888274
target_stop,9300203,1,54.463297688972936
target_stop,9300204,1,86.36995041903037
target_stop,9300209,1,11.55966226305311
target_stop,9300210,1,103.97857201272356
target_stop,9300212,1,8.168494167640706
target_stop,9300213,1,71.85754588574237
target_stop,9300215,1,43.97857201272357
target_stop,9300218,1,49.045825037111726
target_stop,9400131,1,158.63887213321584
target_stop,9400133,1,16.308230952109867
target_stop,9400136,1,48.047826485489686
target_stop,9400139,1,70.04782648548968
target_stop,9400154,1,18.790325268027576
target_stop,9400155,1,0.8784171851861231
target_stop,9400163,1,14.310544742614713
target_stop,9400164,1,15.512339388204197
target_stop,9400169,1,31.315324192908754
target_stop,9400170,1,44.36772288613355
target_stop,9400171,1,43.14935174639305
target_stop,9400173,1,34.14935174639305
target_stop,9400176,1,13.063829639573854
target_stop,9400179,1,5.790325268027576
target_stop,9500109,1,162.95224666338035
target_stop,9500112,1,38.295571437970885
target_stop,9500113,1,313.6925303379008
target_stop,9500115,1,103.24063660879638
target_stop,9500132,1,160.87404823339057
target_stop,9500133,1,81.81445463991844
target_stop,9500137,1,66.85656508198477
target_stop,9500140,1,21.235672095763285
target_stop,9500142,1,79.06060829681317
target_stop,9500144,1,41.88743297569356
target_stop,9500146,1,212.00317432065563
target_stop,9500152,1,147.95739410754146
target_stop,9500153,1,4.587486828863412
target_stop,9500156,1,0.8386513870380892
target_stop,9500157,1,214.6894567160228
target_stop,9500158,1,6.64212301361745
target_stop,9500159,1,1.9954008429556893
target_stop,9500160,1,253.33525677897427
target_stop,9500170,1,62.11276454069116
target_stop,9500172,1,63.0725545971756
target_stop,9500174,1,35.982985131189025
target_stop,9500175,1,22.247561720722327
target_stop,9500178,1,45.734428128554335
target_stop,9500180,1,6.57563071023683
target_stop,9500183,1,19.30444815407614
target_stop,9600069,1,60.322192036691185
target_stop,9600267,1,308.3434440436727
target_stop,9600269,1,15.53176246798428
target_stop,9600283,1,131.23963363751224
target_stop,9600291,1,44.77937738603919
target_stop,9600304,1,6.291233383733555
target_stop,9600307,1,13.034490962840497
target_stop,9600311,1,59.33171791705068
target_stop,9600377,1,20.456519722663145
target_stop,9600394,1,96.47028281569904
target_stop,9600409,1,91.7538081698687
target_stop,9600416,1,95.44283512224013
target_stop,9600420,1,273.2268716167938
target_stop,9600422,1,78.64955234154394
target_stop,9600424,1,114.68302277953214
target_stop,9600425,1,145.7175163137543
target_stop,9600428,1,18.02428044601204
target_stop,9600429,1,18.40046427399615
target_stop,9600435,1,120.44161867933897
target_stop,9600439,1,4.468974920644968
target_stop,9600445,1,80.25917533873282
target_stop,9600446,1,7.340223982039447
target_stop,9600448,1,126.0002773728263
target_stop,9600453,1,165.40301140458155
target_stop,9600498,1,12.326706026892452
target_stop,9600509,1,204.44380014455024
target_stop,9700269,1,10.097395987769914
target_stop,9700275,1,16.099739227812563
target_stop,9700283,1,119.2555191249478
target_stop,9700291,1,18.674641061196333
target_stop,9700306,1,22.536118166686776
target_stop,9700377,1,64.4457396901509
target_stop,9700411,1,107.4913733346965
target_stop,9700415,1,27.803688240106254
target_stop,9700420,1,122.66101267130693
target_stop,9700421,1,113.45365187903722
target_stop,9700428,1,60.498037250310716
target_stop,9700429,1,28.28454725868327
target_stop,9700431,1,68.49600663514452
target_stop,9700433,1,18.735097184927696
target_stop,9700436,1,79.15841047329323
target_stop,9700444,1,187.10633073086044
target_stop,9700445,1,67.92227370287883
target_stop,9700448,1,120.18660893420295
target_stop,9700449,1,128.02460287380376
target_stop,9700498,1,88.02206118400487
target_stop,9700505,1,116.17838571952115
target_stop,9700523,1,86.01062631175864
target_stop,9700533,1,160.0550213464353
target_stop,9800000,1,33.04998485762604
target_stop,9800001,1,49.06124998925259
target_stop,9800002,1,117.7647857703609
target_stop,9800005,1,84.38059942805171
target_stop,9800008,1,10.75048362296792
target_stop,9800009,1,62.1882572058701
target_stop,9800011,1,11.336516892895364
target_stop,9800015,1,19.985019335113765
target_stop,9800016,1,25.0993755876925
target_stop,9800019,1,21.36496621783774
target_stop,9800021,1,24.13276408475287
target_stop,9800023,1,32.90434589448343
target_stop,9800024,1,46.39190233645071
target_stop,9800027,1,24.282550822217786
target_stop,9800030,1,66.52276750222248
target_stop,9800033,1,91.61066853866973
target_stop,9800034,1,106.57643410387492
target_stop,9800035,1,32.56960322383199
target_stop,9800039,1,32.854261197399524
target_stop,9800041,1,48.42677835955141
target_stop,9800047,1,8.55570733257688
target_stop,9800056,1,21.23622770642828
target_stop,9800082,1,2.1745523452692197
target_stop,9800083,1,17.698155647488782
target_stop,9800086,1,9.859971580011369
target_stop,9800089,1,2.160285997171476
target_stop,9800091,1,27.778018769666822
target_stop,9800096,1,15.618264040064304
target_stop,9800125,1,54.29839782582068
target_stop,9800126,1,0.06424665379148564
target_stop,9800127,1,40.63775065187738
target_stop,9800131,1,36.40927939652323
target_stop,9800133,1,36.836165237965645
target_stop,9800135,1,25.734130667285996
target_stop,9800136,1,95.84544828806739
target_stop,9800139,1,4.7026715655278295
target_stop,9800141,1,145.64718358214472
target_stop,9800147,1,32.54180199975971
target_stop,9800149,1,65.58223306025906
target_stop,9800150,1,10.842073535987353
target_stop,9900001,1,31.6925938934846
target_stop,9900004,1,107.52904245170268
target_stop,9900006,1,37.66656697361269
target_stop,9900008,1,88.84051707913004
target_stop,9900009,1,70.76477127264843
target_stop,9900010,1,95.46657556711246
target_stop,9900015,1,0.9138217065680223
target_stop,9900020,1,24.727675331610094
target_stop,9900022,1,26.828682460877054
target_stop,9900026,1,40.68251308307073
target_stop,9900027,1,4.178176653991278
target_stop,9900028,1,15.021427987276432
target_stop,9900030,1,75.63430285039253
target_stop,9900031,1,0.5970860430536504
target_stop,9900033,1,24.736395940540703
target_stop,9900034,1,68.07061693307936
target_stop,9900036,1,6.021427987276432
target_stop,9900041,1,14.665311723989438
target_stop,9900042,1,17.30444815407614
target_stop,9900043,1,28.574473324969006
target_stop,9900048,1,24.7663188532564
target_stop,9900050,1,116.21638704283366
target_stop,9900053,1,37.36995041903037
target_stop,9900057,1,20.828682460877054
target_stop,9900074,1,92.27232466838991
target_stop,9900083,1,67.93251296162626
target_stop,9900084,1,7.66066939232007
target_stop,9900086,1,23.118180155466185
target_stop,9900090,1,23.021427987276432
target_stop,9900093,1,20.33468827601056
target_stop,9900123,1,0.7460068346337341
target_stop,9900127,1,11.725384902773559
target_stop,9900128,1,44.171317539122946
target_stop,9900129,1,16.021427987276432
target_stop,9900136,1,59.63173821187368
target_stop,9900140,1,175.2723246683899
target_stop,9900142,1,126.52904245170268
target_stop,9900144,1,8.276186502928844
target_stop,9900145,1,145.03160704291022
target_stop,9900150,1,0.2352287273515703
target_stop,9900151,1,33.272324668389906
vehicle,122048,45,96.90091529353205
vehicle,122613,13,41.98216810364641
vehicle,122658,21,47.89623534420351
vehicle,129964,20,90.38239870906656
vehicle,130072,27,51.521959651228336
vehicle,130238,20,83.60530022511708
vehicle,131672,17,236.3177445297808
vehicle,132430,41,97.52715499688924
vehicle,133300,14,173.4672713908546
vehicle,133957,39,53.66201823605701
vehicle,134040,27,115.23654481580232
vehicle,134494,12,6.991953748313651
vehicle,135081,37,85.82654674457979
vehicle,9000000,60,101.45319688904186
vehicle,9000001,56,106.62758348615215
vehicle,9000002,15,44.82371315774142
vehicle,9000003,11,50.85042270867953
vehicle,9000004,14,36.740734865697675
vehicle,9000005,25,86.67956333399707
vehicle,9000006,26,88.93779974258594
vehicle,9000007,23,79.61725604302333
vehicle,9000008,40,39.886897021370274
vehicle,9000009,41,44.74024778470493
vehicle,9000010,26,62.771030658534954
vehicle,9000011,27,71.33043329765175
vehicle,9000012,39,137.86377753653372
vehicle,9000013,37,161.25103713658427
vehicle,9000014,68,102.03815485972461
vehicle,9000015,75,108.63588635150731
vehicle,9000016,32,123.62215639121551
vehicle,9000017,27,143.85633387779254
vehicle,9000018,56,60.80802382484235
vehicle,9000019,56,55.60251479893679
vehicle,9000020,45,122.08815371622786
vehicle,9000021,45,114.15069213596685
vehicle,9000022,18,16.649158059379168
vehicle,9000023,18,22.165657854872318
vehicle,9000024,64,91.09257265702173
vehicle,9000025,61,93.143274542583
current_delay,"(-60.0, 0.0]",330,57.16951170576319
current_delay,"(-inf, -60.0]",172,82.54115085467006
current_delay,"(0.0, 120.0]",466,69.3060906305067
current_delay,"(120.0, 300.0]",222,116.35310530531109
current_delay,"(300.0, inf]",148,197.52244696115676
target_delay,"(-60.0, 0.0]",323,56.96355514343114
target_delay,"(-inf, -60.0]",189,115.81254380524788
target_delay,"(0.0, 120.0]",480,55.330744785099945
target_delay,"(120.0, 300.0]",204,111.93706262399743
target_delay,"(300.0, inf]",142,216.49048738794318
