feature,importance
cur_dev_s,45.23427291841116
distance_to_target_stop,5.901884301031933
hour,5.133460002204833
heading,5.025070887660865
speed_mean_3m,2.931562250877321
speed_delta_1m,2.8237941175952455
speed_delta_5m,2.719322868626322
speed_std_5m,2.488418645951435
scheduled_time_to_target,2.46252707124178
telemetry_count_5m,2.3979606193238223
stationary_time,2.3436090018301856
speed_max_5m,2.325293754740472
heading_delta,2.2813828338887787
distance_travelled_1m,2.1727489199603136
acceleration,2.126981259146786
speed_mean_5m,2.069460592290783
distance_travelled_5m,1.831516659398946
speed_now,1.761523233573597
speed_mean_1m,1.7415496910281498
telemetry_age_s,1.6950334102555114
speed_delta_3m,1.4020274963451993
speed_drop,1.0558578978192206
speed_min_5m,0.07474156679733993
weekday,0.0
is_weekend,0.0
