candidate,fold,cutoff,end,train_n,real_validation_n,mae,baseline_mae,trees,fitted_params
cpu_v1_control,0,2026-01-06 10:35:00,2026-01-06 14:00:00,1737,213,73.47820863228102,93.1924882629108,157,"{'task_type': 'CPU', 'boosting_type': 'Plain', 'leaf_estimation_method': 'Exact', 'loss_function': 'MAE', 'learning_rate': 0.05000000074505806}"
cpu_v1_control,1,2026-01-06 14:00:00,2026-01-06 17:40:00,2602,242,72.06335626942716,78.8801652892562,67,"{'task_type': 'CPU', 'boosting_type': 'Plain', 'leaf_estimation_method': 'Exact', 'loss_function': 'MAE', 'learning_rate': 0.05000000074505806}"
cpu_v1_real_control,0,2026-01-06 10:35:00,2026-01-06 14:00:00,460,213,73.8442436489864,93.1924882629108,195,"{'task_type': 'CPU', 'boosting_type': 'Plain', 'leaf_estimation_method': 'Exact', 'loss_function': 'MAE', 'learning_rate': 0.05000000074505806}"
cpu_v1_real_control,1,2026-01-06 14:00:00,2026-01-06 17:40:00,674,242,71.85293122007265,78.8801652892562,48,"{'task_type': 'CPU', 'boosting_type': 'Plain', 'leaf_estimation_method': 'Exact', 'loss_function': 'MAE', 'learning_rate': 0.05000000074505806}"
cpu_v3_real,0,2026-01-06 10:35:00,2026-01-06 14:00:00,460,213,68.38572284152126,93.1924882629108,1458,"{'task_type': 'CPU', 'boosting_type': 'Plain', 'leaf_estimation_method': 'Exact', 'loss_function': 'MAE', 'learning_rate': 0.029999999329447743}"
cpu_v3_real,1,2026-01-06 14:00:00,2026-01-06 17:40:00,674,242,65.30974536453806,78.8801652892562,661,"{'task_type': 'CPU', 'boosting_type': 'Plain', 'leaf_estimation_method': 'Exact', 'loss_function': 'MAE', 'learning_rate': 0.029999999329447743}"
cpu_v3_weighted,0,2026-01-06 10:35:00,2026-01-06 14:00:00,1737,213,63.867874948483596,93.1924882629108,603,"{'task_type': 'CPU', 'boosting_type': 'Plain', 'leaf_estimation_method': 'Exact', 'loss_function': 'MAE', 'learning_rate': 0.029999999329447743}"
cpu_v3_weighted,1,2026-01-06 14:00:00,2026-01-06 17:40:00,2602,242,64.00573401333487,78.8801652892562,144,"{'task_type': 'CPU', 'boosting_type': 'Plain', 'leaf_estimation_method': 'Exact', 'loss_function': 'MAE', 'learning_rate': 0.029999999329447743}"
gpu_v3_real_exact,0,2026-01-06 10:35:00,2026-01-06 14:00:00,460,213,71.18019685973357,93.1924882629108,657,"{'task_type': 'GPU', 'boosting_type': 'Plain', 'leaf_estimation_method': 'Exact', 'loss_function': 'MAE', 'learning_rate': 0.029999999329447743}"
gpu_v3_real_exact,1,2026-01-06 14:00:00,2026-01-06 17:40:00,674,242,64.72687109666035,78.8801652892562,291,"{'task_type': 'GPU', 'boosting_type': 'Plain', 'leaf_estimation_method': 'Exact', 'loss_function': 'MAE', 'learning_rate': 0.029999999329447743}"
gpu_v3_weighted_exact,0,2026-01-06 10:35:00,2026-01-06 14:00:00,1737,213,64.54131012548747,93.1924882629108,612,"{'task_type': 'GPU', 'boosting_type': 'Plain', 'leaf_estimation_method': 'Exact', 'loss_function': 'MAE', 'learning_rate': 0.029999999329447743}"
gpu_v3_weighted_exact,1,2026-01-06 14:00:00,2026-01-06 17:40:00,2602,242,63.121606842210625,78.8801652892562,239,"{'task_type': 'GPU', 'boosting_type': 'Plain', 'leaf_estimation_method': 'Exact', 'loss_function': 'MAE', 'learning_rate': 0.029999999329447743}"
gpu_v3_direct_exact,0,2026-01-06 10:35:00,2026-01-06 14:00:00,1737,213,70.95256642863909,93.1924882629108,269,"{'task_type': 'GPU', 'boosting_type': 'Plain', 'leaf_estimation_method': 'Exact', 'loss_function': 'MAE', 'learning_rate': 0.029999999329447743}"
gpu_v3_direct_exact,1,2026-01-06 14:00:00,2026-01-06 17:40:00,2602,242,66.34197966629802,78.8801652892562,330,"{'task_type': 'GPU', 'boosting_type': 'Plain', 'leaf_estimation_method': 'Exact', 'loss_function': 'MAE', 'learning_rate': 0.029999999329447743}"
gpu_v3_rmse,0,2026-01-06 10:35:00,2026-01-06 14:00:00,1737,213,65.0645597477553,93.1924882629108,286,"{'task_type': 'GPU', 'boosting_type': 'Plain', 'leaf_estimation_method': 'Newton', 'loss_function': 'RMSE', 'learning_rate': 0.029999999329447743}"
gpu_v3_rmse,1,2026-01-06 14:00:00,2026-01-06 17:40:00,2602,242,65.39385875363104,78.8801652892562,239,"{'task_type': 'GPU', 'boosting_type': 'Plain', 'leaf_estimation_method': 'Newton', 'loss_function': 'RMSE', 'learning_rate': 0.029999999329447743}"
gpu_numeric_exact,0,2026-01-06 10:35:00,2026-01-06 14:00:00,1737,213,68.61095745026884,93.1924882629108,386,"{'task_type': 'GPU', 'boosting_type': 'Plain', 'leaf_estimation_method': 'Exact', 'loss_function': 'MAE', 'learning_rate': 0.029999999329447743}"
gpu_numeric_exact,1,2026-01-06 14:00:00,2026-01-06 17:40:00,2602,242,63.26084039511384,78.8801652892562,366,"{'task_type': 'GPU', 'boosting_type': 'Plain', 'leaf_estimation_method': 'Exact', 'loss_function': 'MAE', 'learning_rate': 0.029999999329447743}"
