sample_id;prediction
131672_1767670500;124.04134716660644
131672_1767670800;73.55704358225489
131672_1767671100;131.109311816277
131672_1767671400;53.78303177394844
134040_1767672000;11.306049969452374
134040_1767672300;66.63059309514995
134040_1767672600;43.80302678165879
134040_1767672900;86.59094169401908
134040_1767673200;113.63839326606592
134040_1767673500;131.74732825707406
122048_1767673800;71.89135554948666
122048_1767674100;18.607136064751444
122048_1767674400;-54.46385465632333
122048_1767674700;-27.07097036421196
122048_1767675000;-53.27079467997796
122048_1767675300;-46.989662145304095
131672_1767675600;-3.472928912054016
131672_1767675900;-0.9100849298164349
131672_1767676200;-36.550746138538216
131672_1767676500;-48.19590116152605
131672_1767676800;-4.6442282601352645
131672_1767677100;-1.0708793809388908
122658_1767679500;37.60715071450136
122658_1767679800;54.71375261180256
122658_1767680100;66.29026840919721
122658_1767680400;91.51472208102666
122658_1767680700;115.08966771573921
134040_1767684600;21.559708771308124
130238_1767684600;21.385083873177564
130238_1767684900;19.157071950592126
134040_1767684900;40.75142205326699
134040_1767685200;125.07530727601397
130238_1767685200;23.00025012267588
134040_1767685500;54.60655155633086
130238_1767685500;52.832442899107036
134040_1767685800;80.21706831688914
130238_1767685800;86.03661093653454
130238_1767686100;93.70362446572244
134040_1767686100;32.22392685621594
122658_1767686400;-4.418504554351763
122658_1767686700;14.406109701924557
122658_1767687000;2.409406104702967
122658_1767687300;13.167559849702215
122658_1767687600;46.88339956204288
122658_1767687900;78.30586309970784
122613_1767690000;42.558008179110196
122613_1767690300;38.411415065477925
122613_1767690600;59.809841819468005
122613_1767690900;113.73876408620602
122613_1767691200;42.18466524711883
122613_1767691500;16.920243533241347
122048_1767695400;-158.2557574855241
122048_1767695700;-129.87427608204828
122048_1767696000;-116.97493643728671
122048_1767696300;-87.86762994206349
122048_1767696600;30.566248732529402
122048_1767696900;-53.22204796020958
133300_1767699000;32.4291504855089
122048_1767699000;-150.80012740128043
133300_1767699300;20.253018375762167
122048_1767699300;-141.58923401648482
122048_1767699600;-180.63347123231802
133300_1767699600;90.06058788735709
122048_1767699900;-162.1286273833441
133300_1767699900;66.44744088378297
122048_1767700200;-111.69480003829767
133300_1767700200;44.71620262853844
122048_1767700500;20.402244319066995
133300_1767700500;105.79967669180178
133957_1767700800;24.4931607868416
133957_1767701100;90.88958608889334
133957_1767701400;67.34357858102317
133957_1767701700;3.9789763826986473
133957_1767702000;20.31334951129088
133957_1767702300;34.29053659207716
129964_1767702600;39.14087711583655
129964_1767702900;-30.5852675855198
129964_1767703200;-19.44278425117527
129964_1767703500;19.87873130747137
129964_1767704100;-137.28520397802004
122658_1767706200;204.69026101126224
122658_1767706500;-4.490789270820166
122658_1767706800;-6.014359256429067
122658_1767707100;3.9192368791864496
122658_1767707400;-0.5991053165686822
131672_1767709800;8.628969532858946
122048_1767709800;-21.54853573513975
131672_1767710100;-19.83820171592481
122048_1767710100;-10.65301305935467
131672_1767710400;-47.81030508413485
122048_1767710400;-46.15096394296925
122048_1767710700;-31.206326067275526
131672_1767710700;-57.454369370013865
131672_1767711000;-45.72981686300901
122048_1767711000;35.8136196475175
122048_1767711300;-22.091969207709397
131672_1767711300;-27.503029023710496
132430_1767713400;257.3372993333609
133300_1767713400;-38.89066572012359
132430_1767713700;349.0483488880703
133300_1767713700;39.01834044440545
133300_1767714000;74.50243867539348
132430_1767714000;345.3777740261633
132430_1767714300;173.48633337553701
133300_1767714600;-39.99325956272082
132430_1767714600;293.9524630453493
132430_1767714900;254.4498256779051
133300_1767714900;-21.05731328225056
122048_1767717000;-25.278488707847302
122048_1767717300;-48.21843715151598
122048_1767717600;-7.228545128203336
122613_1767718800;95.26480567626886
132430_1767720000;277.4858593365798
132430_1767720300;273.7858056642517
131672_1767722400;32.01628662850351
131672_1767722700;78.98026654195723
131672_1767723000;122.57152093918319
131672_1767723300;216.2002675342468
131672_1767723600;286.37777392124644
131672_1767723900;325.1737360808387
133957_1767724200;196.71186533696743
132430_1767727800;233.05031641441826
132430_1767728100;333.99471234581813
132430_1767728400;155.44939437756761
132430_1767728700;240.57241807622063
132430_1767729000;157.05305489170223
132430_1767729300;115.30945739267042
122048_1767731400;-20.779526584306538
122048_1767731700;7.9958415015439215
122048_1767732000;20.741346854371386
122048_1767732300;-1.3050701557726825
122048_1767732600;24.625600048748492
122048_1767732900;1.076609358620324
134040_1767733200;217.68368740332096
134040_1767733500;253.15880341579077
134040_1767733800;318.8965190424682
134040_1767734100;404.81323184258446
134040_1767734400;384.1752898224481
134040_1767734700;351.1764809885394
130072_1767736800;-2.891644496036463
130072_1767737100;7.744000537167217
130072_1767737400;-15.979123672214364
130072_1767737700;-6.0426455600176965
130072_1767738000;-30.806617928228874
130072_1767738300;-13.28910094065666
130072_1767742200;21.960215139203072
130072_1767742500;25.285217011353364
130072_1767742800;42.93019587695568
130072_1767743100;29.159819541041582
130072_1767743400;10.801630218510603
130072_1767743700;-12.617529334385544
